T_ann,T_sM,T_sm,T_wM,T_wm ,P_ann,P_sM,P_sm,P_wM,P_wm ,dem,target
10.479,28.301,13.591,16.911,-15.735,38.325,8.8161,1.7088,2.0726,0.62832,757,Dwc
11.343,29.228,14.524,17.818,-15.208,38.36,8.8006,1.7073,2.0783,0.62915,686,Dwc
11.251,29.002,14.455,17.286,-15.231,38.346,8.8046,1.7073,2.0785,0.62955,724,Dwc
11.028,29.065,14.204,17.581,-15.086,38.333,8.8088,1.7073,2.0788,0.62995,796,Dwc
10.922,29.22,14.152,17.287,-16.4,38.368,8.7935,1.7058,2.084,0.63076,723,Dwc
11.079,29.259,14.619,17.618,-16.271,38.355,8.7975,1.7058,2.0845,0.63116,787,Dwc
11.028,29.065,14.204,17.581,-15.086,38.341,8.8014,1.7057,2.085,0.63156,819,Dwc
10.327,28.222,13.669,17.249,-16.464,38.388,8.7826,1.7043,2.0891,0.63196,700,Dwc
10.56,28.724,13.921,17.271,-16.841,38.376,8.7864,1.7043,2.0898,0.63237,782,Dwc
10.399,28.902,14.199,17.246,-16.77,38.363,8.7903,1.7042,2.0905,0.63277,842,Dwc
10.481,28.805,14.164,17.145,-16.593,38.35,8.7941,1.7042,2.0912,0.63318,856,Dwc
10.397,26.185,13.681,17.053,-13.681,41.767,10.703,2.0969,2.2932,0.48879,439,Dwa
10.998,27.056,14.135,17.3,-13.033,41.753,10.7,2.0946,2.2926,0.48902,429,Dwa
10.998,27.056,14.135,17.3,-13.033,41.739,10.696,2.0924,2.2919,0.48925,371,Dwa
11.546,28.414,14.738,18.014,-13.005,41.722,10.686,2.0896,2.2943,0.48952,355,Dwa
11.869,29.113,15.286,18.742,-13.077,41.705,10.674,2.0865,2.2982,0.4898,377,Dwa
11.193,27.854,14.287,17.406,-13.569,41.734,10.684,2.0966,2.2917,0.49058,466,Dwa
11.709,28.342,14.782,17.826,-12.991,41.721,10.681,2.0944,2.2911,0.49083,353,Dwa
11.709,28.342,14.782,17.826,-12.991,41.707,10.677,2.0922,2.2904,0.49109,320,Dwa
11.997,29.101,15.168,18.366,-12.758,41.691,10.668,2.0895,2.2927,0.49136,330,Dwa
12.004,29.408,15.307,18.708,-13.279,41.674,10.656,2.0865,2.2963,0.49165,360,Dwa
12.483,29.111,15.485,18.041,-12.266,41.701,10.664,2.0964,2.2902,0.49239,304,Dwa
12.483,29.111,15.485,18.041,-12.266,41.688,10.662,2.0942,2.2896,0.49265,293,Dwa
12.892,29.653,15.873,19.054,-12.245,41.675,10.659,2.092,2.2889,0.49292,297,Dwa
12.738,29.493,15.913,19.28,-12.531,41.66,10.649,2.0893,2.2911,0.4932,308,Dwa
12.351,29.16,15.479,19.135,-12.916,41.643,10.637,2.0864,2.2944,0.49349,313,Dwa
12.719,29.269,15.959,19.136,-12.161,41.644,10.64,2.0918,2.2875,0.49475,361,Dwa
12.521,29.079,15.893,19.472,-12.469,41.628,10.631,2.0892,2.2895,0.49504,374,Dwa
12.199,28.956,15.673,19.424,-13.04,41.611,10.619,2.0863,2.2925,0.49533,404,Dwa
12.769,29.041,15.718,18.142,-11.235,41.635,10.626,2.0958,2.2872,0.49598,307,Dwa
12.769,29.041,15.718,18.142,-11.235,41.623,10.624,2.0937,2.2866,0.49628,312,Dwa
12.719,29.269,15.959,19.136,-12.161,41.597,10.613,2.0891,2.2878,0.49688,378,Dwa
12.521,29.079,15.893,19.472,-12.469,41.58,10.601,2.0863,2.2906,0.49718,383,Dwa
15.662,27.429,19.182,18.973,-1.67,32.358,7.0972,1.6494,1.9295,1.0723,57,Cwc
15.404,27.524,18.814,18.124,-1.7363,32.351,7.1001,1.6485,1.9278,1.0737,41,Cwc
15.111,26.589,18.501,18.242,-1.885,32.344,7.103,1.6476,1.926,1.075,57,Cwc
15.297,26.726,18.747,18.256,-1.265,32.354,7.0931,1.6525,1.9305,1.0754,38,Cwc
14.922,26.756,18.347,18.706,-1.9812,32.338,7.1059,1.6467,1.9243,1.0764,54,Cwc
15.404,27.524,18.814,18.124,-1.7363,32.348,7.0964,1.6517,1.9287,1.0768,9,Cwc
14.699,25.976,18.139,17.68,-1.4762,32.331,7.1087,1.6458,1.9225,1.0777,45,Cwc
15.111,26.589,18.501,18.242,-1.885,32.343,7.0996,1.6509,1.927,1.0781,21,Cwc
14.699,25.976,18.139,17.68,-1.4762,32.337,7.1028,1.6502,1.9252,1.0794,28,Cwc
14.968,26.896,18.372,17.428,-1.2612,32.345,7.0925,1.6549,1.9297,1.0798,3,Cwc
14.925,26.467,18.388,17.451,-1.5288,32.341,7.0962,1.6543,1.9279,1.0812,9,Cwc
14.699,25.976,18.139,17.68,-1.4762,32.337,7.0999,1.6536,1.9262,1.0825,8,Cwc
12.465,25.822,15.318,17.669,-6.8563,52.676,13.802,2.4162,2.7564,0.76004,538,Dwa
13.333,26.626,16.079,18.467,-5.9225,52.716,13.815,2.4158,2.7583,0.76063,497,Dwa
13.543,27.204,16.182,18.655,-5.9775,52.756,13.829,2.4154,2.7602,0.76123,486,Dwa
13.713,27.299,16.56,18.751,-5.7925,52.796,13.843,2.415,2.7621,0.76183,377,Dwa
13.372,27.779,15.961,18.512,-6.5438,52.835,13.856,2.4146,2.764,0.76243,397,Dwa
12.353,25.448,15.229,17.521,-6.7962,52.68,13.799,2.4191,2.7551,0.76311,518,Dwa
13.375,26.5,16.165,18.542,-5.7637,52.72,13.813,2.4187,2.757,0.76371,531,Dwa
13.823,27.7,16.582,18.894,-5.6538,52.76,13.827,2.4183,2.7589,0.76431,457,Dwa
13.713,27.299,16.56,18.751,-5.7925,52.8,13.841,2.4179,2.7608,0.76491,359,Dwa
13.372,27.779,15.961,18.512,-6.5438,52.841,13.854,2.4175,2.7627,0.76551,356,Dwa
11.888,24.486,14.762,16.769,-7.1025,52.683,13.796,2.422,2.7538,0.76619,501,Dwa
12.825,25.105,15.571,17.747,-5.8638,52.724,13.81,2.4216,2.7558,0.76678,539,Dwa
13.713,27.299,16.56,18.751,-5.7925,52.765,13.824,2.4212,2.7577,0.76739,483,Dwa
13.404,26.091,16.256,18.287,-5.6212,52.805,13.838,2.4208,2.7595,0.76798,410,Dwa
13.472,27.341,16.159,18.482,-6.0413,52.846,13.853,2.4204,2.7614,0.76858,340,Dwa
11.674,24.002,14.381,16.638,-7.0962,52.687,13.793,2.4249,2.7526,0.76926,547,Dwa
12.002,23.609,14.9,16.787,-6.3825,52.728,13.807,2.4245,2.7545,0.76985,511,Dwa
13.404,26.091,16.256,18.287,-5.6212,52.769,13.822,2.4241,2.7564,0.77045,544,Dwa
13.06,25.036,15.958,18.022,-5.4913,52.81,13.836,2.4238,2.7582,0.77105,441,Dwa
13.41,26.608,16.245,18.34,-5.7938,52.851,13.851,2.4234,2.7601,0.77166,365,Dwa
11.674,24.002,14.381,16.638,-7.0962,52.691,13.79,2.4278,2.7513,0.77233,504,Dwa
12.002,23.609,14.9,16.787,-6.3825,52.732,13.804,2.4274,2.7532,0.77292,537,Dwa
13.06,25.036,15.958,18.022,-5.4913,52.773,13.819,2.427,2.755,0.77352,575,Dwa
12.778,24.696,15.589,17.744,-5.5862,52.815,13.834,2.4266,2.7569,0.77413,407,Dwa
13.339,25.919,16.06,18.424,-5.3025,52.856,13.849,2.4263,2.7588,0.77473,414,Dwa
15.588,27.479,18.906,18.356,-0.8275,36.591,8.9167,1.3343,2.2252,0.66515,25,Dwa
15.21,26.512,18.636,17.454,-0.81125,36.592,8.9177,1.3349,2.2258,0.66536,16,Dwa
15.082,25.333,18.664,17.28,-0.14125,36.593,8.9186,1.3356,2.2264,0.66556,18,Dwa
14.83,25.385,18.188,17.181,-0.74625,36.594,8.9195,1.3362,2.2269,0.66576,24,Dwa
13.224,23.932,16.925,14.472,-1.365,36.595,8.9204,1.3369,2.2275,0.66597,36,Dwa
15.588,27.479,18.906,18.356,-0.8275,36.467,8.8825,1.3261,2.2209,0.66599,66,Dwa
15.21,26.512,18.636,17.454,-0.81125,36.466,8.8831,1.3267,2.2213,0.66616,29,Dwa
14.83,25.385,18.188,17.181,-0.74625,36.465,8.8837,1.3273,2.2217,0.66633,25,Dwa
15.135,26.101,18.487,17.739,-0.6,36.464,8.8844,1.3279,2.2221,0.6665,56,Dwa
15.298,26.759,18.575,18.084,-0.85375,36.343,8.8483,1.318,2.2166,0.66683,87,Dwa
15.509,27.133,18.901,18.244,-0.56625,36.34,8.8486,1.3185,2.2168,0.66696,68,Dwa
14.83,25.385,18.188,17.181,-0.74625,36.337,8.8489,1.319,2.2171,0.6671,36,Dwa
15.135,26.101,18.487,17.739,-0.6,36.335,8.8492,1.3195,2.2173,0.66724,37,Dwa
13.592,24.218,17.309,15.078,-1.2487,36.332,8.8495,1.3201,2.2176,0.66737,5,Dwa
15.161,25.987,18.362,18.092,-0.70625,36.219,8.8141,1.3098,2.2123,0.66767,95,Dwa
15.467,26.858,18.866,18.267,-0.61125,36.214,8.8141,1.3103,2.2123,0.66777,89,Dwa
15.135,26.101,18.487,17.739,-0.6,36.21,8.8141,1.3107,2.2124,0.66787,43,Dwa
15.192,26.549,18.539,17.72,-0.61125,36.205,8.814,1.3112,2.2125,0.66797,19,Dwa
14.124,24.6,17.779,15.788,-0.935,36.201,8.8141,1.3117,2.2126,0.66807,3,Dwa
15.298,26.088,18.495,18.201,-0.395,36.094,8.7799,1.3016,2.2079,0.66851,94,Dwa
15.469,26.92,18.759,18.242,-0.5,36.088,8.7796,1.302,2.2079,0.66858,73,Dwa
15.192,26.549,18.539,17.72,-0.61125,36.082,8.7793,1.3024,2.2078,0.66864,43,Dwa
15.231,26.607,18.62,17.449,-0.31125,36.076,8.7789,1.3028,2.2077,0.6687,11,Dwa
14.432,24.931,17.981,16.026,-0.72,36.069,8.7786,1.3032,2.2076,0.66877,6,Dwa
14.686,26.898,16.966,15.453,-0.6675,62.87,17.042,2.4618,3.7952,1.1516,77,Dwa
14.308,25.188,16.661,15.565,-0.20125,62.954,17.049,2.4745,3.7866,1.1542,74,Dwa
14.686,26.898,16.966,15.453,-0.6675,62.863,17.016,2.4658,3.7944,1.1546,120,Dwa
14.481,26.254,16.502,16.098,-0.95125,63.038,17.056,2.4871,3.7782,1.1567,76,Dwa
14.308,25.188,16.661,15.565,-0.20125,62.947,17.023,2.4785,3.7858,1.1571,77,Dwa
15.437,28.348,17.442,17.001,-1.2862,62.857,16.99,2.4698,3.7936,1.1575,122,Dwa
14.922,26.244,16.959,17.771,-0.91375,63.122,17.063,2.4998,3.7696,1.1592,83,Dwa
14.481,26.254,16.502,16.098,-0.95125,63.031,17.031,2.4911,3.7772,1.1597,78,Dwa
14.155,25.956,16.284,15.306,-1.0113,62.94,16.998,2.4824,3.785,1.1601,85,Dwa
15.78,28.819,17.585,17.958,-1.5362,62.85,16.965,2.4737,3.7927,1.1604,85,Dwa
15.889,27.479,17.876,19.549,-0.82,63.206,17.07,2.5125,3.761,1.1618,77,Dwa
15.252,27.305,17.115,17.844,-1.3313,63.114,17.038,2.5038,3.7687,1.1622,79,Dwa
15.21,27.422,17.011,17.395,-1.0788,63.023,17.005,2.4951,3.7764,1.1626,79,Dwa
15.485,27.418,17.402,17.834,-0.535,62.933,16.972,2.4864,3.7841,1.163,97,Dwa
16.552,29.831,18.287,19.251,-1.445,62.843,16.939,2.4777,3.7919,1.1634,88,Dwa
15.732,27.586,17.833,18.915,-1.1863,63.198,17.045,2.5164,3.7601,1.1648,80,Dwa
15.49,27.455,17.329,18.394,-1.2325,63.107,17.012,2.5077,3.7677,1.1652,81,Dwa
14.998,27.001,16.951,17.304,-1.1762,63.016,16.979,2.499,3.7754,1.1656,86,Dwa
15.072,27.381,17.199,17.354,-1.5763,62.926,16.947,2.4904,3.7832,1.166,88,Dwa
15.507,27.068,17.541,18.691,-1.2975,63.19,17.019,2.5204,3.7591,1.1678,86,Dwa
15.199,27.055,17.126,18.008,-1.5,63.099,16.987,2.5117,3.7668,1.1682,85,Dwa
14.452,26.432,16.581,17.066,-2.1163,63.009,16.954,2.503,3.7745,1.1686,110,Dwa
15.081,26.848,17.213,18.144,-1.7938,63.182,16.994,2.5243,3.7581,1.1708,81,Dwa
14.358,26.191,16.438,17.331,-2.7188,63.092,16.961,2.5156,3.7659,1.1712,93,Dwa
14.579,26.222,16.74,17.858,-2.445,63.175,16.968,2.5283,3.7572,1.1738,91,Dwa
16.651,27.331,19.056,19.48,1.9362,60.545,13.118,2.8729,3.4638,1.5634,51,Cfa
17.309,28.445,19.845,20.152,2.15,60.541,13.121,2.8739,3.461,1.5651,36,Cfa
16.72,27.56,19.236,19.307,1.9762,60.528,13.097,2.8829,3.4591,1.5663,49,Cfa
17.827,29.352,20.189,20.774,2.3012,60.536,13.124,2.8749,3.4583,1.5668,35,Cfa
17.648,29.32,20.064,20.429,2.205,60.523,13.099,2.8839,3.4564,1.568,36,Cfa
18.195,29.847,20.514,20.938,2.5412,60.531,13.127,2.8759,3.4555,1.5685,39,Cfa
16.535,27.401,19.085,19.108,1.7813,60.511,13.075,2.8929,3.4543,1.5693,46,Cfa
18.831,31.301,21.16,21.518,3.0188,60.519,13.102,2.8849,3.4537,1.5697,27,Cfa
16.974,28.331,19.278,19.709,1.8863,60.525,13.129,2.8768,3.4528,1.5702,38,Cfa
17.859,29.866,20.204,20.658,2.2863,60.506,13.077,2.8939,3.4517,1.571,34,Cfa
18.876,31.146,21.118,21.468,3.0775,60.514,13.105,2.8859,3.451,1.5714,40,Cfa
16.616,27.491,19.218,19.109,1.8212,60.493,13.053,2.903,3.4495,1.5723,37,Cfa
19.095,31.612,21.319,21.526,3.1837,60.502,13.08,2.8949,3.4491,1.5727,22,Cfa
18.195,29.847,20.514,20.938,2.5412,60.509,13.107,2.8869,3.4483,1.5731,41,Cfa
17.799,29.829,20.141,20.353,2.355,60.489,13.055,2.9039,3.447,1.574,37,Cfa
19.012,31.406,21.24,21.358,3.2775,60.497,13.082,2.8959,3.4465,1.5743,24,Cfa
16.805,27.501,19.449,19.474,2.1313,60.476,13.031,2.913,3.4448,1.5753,24,Cfa
18.497,30.761,20.796,20.92,3.0275,60.485,13.058,2.9049,3.4444,1.5756,20,Cfa
18.876,31.146,21.118,21.468,3.0775,60.493,13.085,2.8969,3.4438,1.576,44,Cfa
17.799,29.829,20.141,20.353,2.355,60.472,13.033,2.9139,3.4423,1.5769,34,Cfa
18.386,30.438,20.673,20.813,3.1312,60.48,13.06,2.9059,3.4419,1.5772,15,Cfa
18.497,30.761,20.796,20.92,3.0275,60.468,13.036,2.9149,3.4399,1.5785,25,Cfa
18.876,31.146,21.118,21.468,3.0775,60.476,13.063,2.9069,3.4394,1.5789,29,Cfa
18.386,30.438,20.673,20.813,3.1312,60.464,13.038,2.916,3.4374,1.5802,11,Cfa
19.012,31.406,21.24,21.358,3.2775,60.46,13.041,2.9169,3.435,1.5818,18,Cfa
18.584,31.908,20.879,21.539,0.9175,59.863,16.87,1.9584,3.9405,1.0613,53,Cwa
18.34,31.293,20.688,21.347,0.88375,59.886,16.873,1.9608,3.9402,1.0617,46,Cwa
18.155,30.907,20.625,21.24,0.5375,59.91,16.877,1.9632,3.9399,1.0621,43,Cwa
17.531,29.924,20.251,20.759,0.1725,59.934,16.88,1.9656,3.9396,1.0624,40,Cwa
17.531,29.924,20.251,20.759,0.1725,59.958,16.884,1.9681,3.9394,1.0628,36,Cwa
19.163,32.542,21.409,22.216,1.1875,59.835,16.844,1.9582,3.9412,1.0636,46,Cwa
18.791,31.909,21.102,22.009,0.9525,59.859,16.848,1.9606,3.941,1.064,39,Cwa
18.281,31.111,20.844,21.681,0.69125,59.882,16.851,1.9629,3.9407,1.0644,37,Cwa
17.31,29.338,20.239,20.751,0.24375,59.906,16.855,1.9653,3.9405,1.0647,36,Cwa
17.31,29.338,20.239,20.751,0.24375,59.93,16.858,1.9677,3.9403,1.0651,35,Cwa
19.275,33.121,21.652,22.218,1.065,59.807,16.819,1.958,3.9419,1.0659,45,Cwa
19.163,32.542,21.409,22.216,1.1875,59.831,16.822,1.9603,3.9417,1.0663,39,Cwa
18.791,31.909,21.102,22.009,0.9525,59.855,16.826,1.9627,3.9415,1.0667,36,Cwa
18.791,31.909,21.102,22.009,0.9525,59.878,16.829,1.965,3.9413,1.0671,35,Cwa
18.281,31.111,20.844,21.681,0.69125,59.902,16.833,1.9674,3.9412,1.0674,34,Cwa
19.639,33.348,21.981,22.859,1.1875,59.78,16.793,1.9578,3.9426,1.0683,43,Cwa
19.395,32.859,21.579,22.766,1.3325,59.803,16.797,1.9601,3.9424,1.0686,40,Cwa
18.618,31.415,21.031,22.071,1.08,59.827,16.8,1.9624,3.9423,1.069,34,Cwa
18.618,31.415,21.031,22.071,1.08,59.85,16.804,1.9647,3.9422,1.0694,34,Cwa
17.682,29.959,20.372,20.999,0.71875,59.873,16.807,1.967,3.942,1.0697,36,Cwa
19.499,32.86,22.122,22.868,1.39,59.752,16.768,1.9576,3.9433,1.0706,35,Cwa
19.028,32.069,21.344,22.598,1.3475,59.775,16.771,1.9599,3.9432,1.0709,31,Cwa
18.326,31.118,20.733,21.904,1.0088,59.799,16.775,1.9621,3.9431,1.0713,32,Cwa
18.326,31.118,20.733,21.904,1.0088,59.822,16.778,1.9644,3.943,1.0717,32,Cwa
17.379,29.801,20.058,20.774,0.555,59.846,16.782,1.9666,3.9429,1.0721,34,Cwa
22.235,35.682,24.633,24.739,5.3637,63.988,12.873,2.4378,4.6291,1.8187,52,Cfa
22.173,35.46,24.494,24.598,5.0888,63.965,12.881,2.4362,4.6205,1.8218,43,Cfa
22.133,35.646,24.442,24.441,5.0587,63.855,12.84,2.4329,4.6205,1.8225,50,Cfa
21.473,34.354,23.736,23.834,4.5375,63.943,12.888,2.4345,4.612,1.8247,40,Cfa
22.323,35.671,24.651,24.715,5.1763,63.832,12.848,2.4312,4.6121,1.8255,39,Cfa
21.886,35.226,24.131,24.115,4.8725,63.722,12.807,2.428,4.6119,1.8262,41,Cfa
20.753,33.844,22.941,22.894,4.285,63.921,12.896,2.4328,4.6035,1.8278,48,Cfa
21.648,34.674,23.931,23.911,4.8275,63.81,12.855,2.4296,4.6036,1.8286,39,Cfa
22.25,35.595,24.622,24.579,5.37,63.699,12.814,2.4263,4.6036,1.8293,36,Cfa
21.791,35.135,23.973,24.131,4.8625,63.589,12.774,2.4231,4.6033,1.83,41,Cfa
20.493,33.128,22.587,22.84,4.2938,63.899,12.903,2.4311,4.5949,1.8308,47,Cfa
21.044,34.009,23.121,23.153,4.51,63.788,12.863,2.4279,4.5952,1.8316,45,Cfa
21.658,34.739,24.127,23.955,4.74,63.677,12.822,2.4246,4.5953,1.8324,38,Cfa
22.292,35.513,24.711,24.598,5.3625,63.566,12.781,2.4214,4.5951,1.8331,35,Cfa
21.272,34.599,23.346,23.551,4.385,63.456,12.74,2.4182,4.5948,1.8338,39,Cfa
20.493,33.128,22.587,22.84,4.2938,63.766,12.87,2.4262,4.5868,1.8346,44,Cfa
21.073,33.971,23.312,23.271,4.65,63.655,12.83,2.4229,4.5869,1.8355,38,Cfa
21.675,34.6,24.215,23.964,5.0888,63.544,12.789,2.4197,4.5869,1.8362,34,Cfa
22.244,35.362,24.565,24.661,5.1887,63.433,12.748,2.4164,4.5867,1.8369,31,Cfa
20.729,33.299,22.942,23.051,4.575,63.633,12.837,2.4212,4.5786,1.8385,49,Cfa
20.797,33.296,23.06,23.002,4.4213,63.522,12.796,2.4179,4.5787,1.8393,49,Cfa
21.465,34.255,23.942,23.74,4.8613,63.411,12.756,2.4147,4.5785,1.8401,32,Cfa
20.27,32.495,22.635,22.639,4.0387,63.5,12.804,2.4162,4.5704,1.8424,55,Cfa
20.398,32.606,22.738,22.562,4.2612,63.389,12.763,2.413,4.5704,1.8432,52,Cfa
19.775,31.508,22.287,22.075,3.9638,63.367,12.771,2.4113,4.5622,1.8463,59,Cfa
16.164,25.502,19.687,16.547,4.8212,69.655,13.432,2.7131,6.0366,1.2813,39,Cwa
16.164,25.502,19.687,16.547,4.8212,69.651,13.441,2.7122,6.028,1.2817,44,Cwa
17.038,26.378,20.411,17.479,5.3338,69.647,13.45,2.7112,6.0194,1.2822,24,Cwa
18.83,28.828,21.98,20.046,6.0425,69.607,13.47,2.7085,6.0005,1.2836,12,Cwa
18.24,28.219,21.405,19.178,5.6163,69.578,13.463,2.7082,6.0072,1.2839,13,Cwa
18.24,28.219,21.405,19.178,5.6163,69.575,13.472,2.7075,5.9986,1.2843,18,Cwa
18.938,29.339,21.959,20.352,6.0037,69.572,13.481,2.7067,5.9901,1.2847,44,Cwa
18.643,29.413,21.589,19.772,5.5713,69.541,13.474,2.7063,5.9968,1.2849,11,Cwa
18.643,29.413,21.589,19.772,5.5713,69.539,13.483,2.7056,5.9883,1.2853,29,Cwa
18.67,29.198,21.658,20.049,5.5538,69.536,13.492,2.7049,5.9797,1.2858,81,Cwa
18.083,28.155,21.069,19.272,5.5163,69.505,13.485,2.7043,5.9864,1.286,51,Cwa
18.096,28.207,21.136,19.453,5.29,69.503,13.494,2.7037,5.978,1.2864,102,Cwa
18.096,28.207,21.136,19.453,5.29,69.501,13.503,2.7032,5.9694,1.2868,148,Cwa
15.537,26.206,17.652,19.501,0.061252,57.407,12.444,2.2611,3.9326,1.4112,217,Dwa
15.361,25.922,17.478,19.211,0.34625,57.424,12.436,2.2621,3.9357,1.4119,226,Dwa
15.906,26.64,17.968,19.973,0.19625,57.436,12.461,2.2619,3.9305,1.4121,200,Dwa
15.372,26.182,17.521,19.133,-0.017499,57.441,12.427,2.2631,3.9388,1.4127,230,Dwa
15.537,26.206,17.652,19.501,0.061252,57.453,12.452,2.2629,3.9336,1.4128,201,Dwa
16.426,27.3,18.656,20.624,0.48625,57.466,12.477,2.2628,3.9283,1.413,189,Dwa
15.386,25.934,17.42,19.114,0.073749,57.457,12.418,2.2641,3.942,1.4134,240,Dwa
15.565,26.249,17.707,19.547,-0.10875,57.47,12.443,2.2639,3.9367,1.4136,222,Dwa
15.906,26.64,17.968,19.973,0.19625,57.482,12.468,2.2637,3.9315,1.4138,176,Dwa
16.426,27.3,18.656,20.624,0.48625,57.495,12.494,2.2636,3.9263,1.414,181,Dwa
15.561,26.105,17.578,19.452,0.10625,57.474,12.409,2.2651,3.9451,1.4141,265,Dwa
15.742,26.506,17.807,19.746,-0.036251,57.487,12.434,2.2649,3.9398,1.4143,247,Dwa
16.371,27.721,18.451,20.432,0.225,57.499,12.46,2.2647,3.9346,1.4145,194,Dwa
15.906,26.64,17.968,19.973,0.19625,57.512,12.485,2.2646,3.9294,1.4147,173,Dwa
16.338,27.186,18.606,20.488,0.72375,57.524,12.51,2.2644,3.9242,1.4149,183,Dwa
15.87,26.827,17.96,19.751,0.085002,57.504,12.426,2.2659,3.9429,1.415,235,Dwa
15.742,26.506,17.807,19.746,-0.036251,57.516,12.451,2.2657,3.9377,1.4152,195,Dwa
16.371,27.721,18.451,20.432,0.225,57.529,12.476,2.2655,3.9324,1.4154,172,Dwa
16.426,27.3,18.656,20.624,0.48625,57.541,12.501,2.2654,3.9273,1.4156,166,Dwa
15.87,26.827,17.96,19.751,0.085002,57.533,12.442,2.2667,3.9407,1.416,182,Dwa
16.391,27.671,18.391,20.232,0.385,57.545,12.467,2.2665,3.9355,1.4162,176,Dwa
17.146,28.975,19.159,21.065,0.82875,57.558,12.492,2.2663,3.9303,1.4164,163,Dwa
15.949,27.009,18.08,19.905,-0.15375,57.562,12.458,2.2675,3.9386,1.4169,172,Dwa
16.633,28.253,18.555,20.245,0.42625,57.575,12.483,2.2673,3.9333,1.4171,175,Dwa
15.594,26.526,17.553,19.266,-0.045,57.592,12.474,2.2683,3.9364,1.4178,198,Dwa
16.891,28.344,18.314,20.755,1.0275,55.441,11.795,2.2638,3.8564,1.2214,204,Cwa
16.549,27.895,17.774,20.508,0.725,55.458,11.813,2.262,3.858,1.2224,219,Cwa
16.549,27.895,17.774,20.508,0.725,55.474,11.831,2.2603,3.8596,1.2233,254,Cwa
15.331,26.687,16.6,19.496,-0.41,55.491,11.85,2.2585,3.8612,1.2243,302,Cwa
17.553,29.46,19.161,21.221,1.7075,55.552,11.833,2.27,3.8572,1.2247,197,Cwa
14.083,25.249,15.632,18.005,-1.6113,55.508,11.868,2.2568,3.8628,1.2252,349,Cwa
17.491,29.414,18.956,21.019,1.37,55.569,11.851,2.2682,3.8589,1.2256,216,Cwa
17.491,29.414,18.956,21.019,1.37,55.585,11.87,2.2664,3.8605,1.2265,250,Cwa
16.472,27.941,17.621,20.468,0.6725,55.602,11.888,2.2646,3.8622,1.2274,288,Cwa
17.484,29.284,19.191,21.189,1.7275,55.663,11.87,2.2763,3.858,1.228,208,Cwa
15.355,26.789,16.667,19.291,-0.48875,55.619,11.907,2.2628,3.8638,1.2283,316,Cwa
18.055,30.412,19.639,21.56,1.865,55.679,11.889,2.2744,3.8597,1.2288,230,Cwa
18.055,30.412,19.639,21.56,1.865,55.696,11.908,2.2726,3.8614,1.2297,254,Cwa
17.276,29.145,18.672,20.952,1.4113,55.713,11.926,2.2707,3.8631,1.2306,276,Cwa
18.055,30.412,19.639,21.56,1.865,55.773,11.908,2.2825,3.8588,1.2312,216,Cwa
16.472,28.067,17.849,20.204,0.87875,55.731,11.945,2.2688,3.8648,1.2314,292,Cwa
17.276,29.145,18.672,20.952,1.4113,55.79,11.927,2.2806,3.8606,1.2321,215,Cwa
16.472,28.067,17.849,20.204,0.87875,55.808,11.946,2.2787,3.8623,1.2329,226,Cwa
16.472,28.067,17.849,20.204,0.87875,55.825,11.965,2.2768,3.8641,1.2337,235,Cwa
17.376,29.087,19.165,21.064,1.7875,55.884,11.946,2.2888,3.8596,1.2345,225,Cwa
15.937,27.44,17.311,19.544,0.125,55.842,11.984,2.2749,3.8659,1.2345,239,Cwa
17.277,28.672,18.911,20.974,1.7888,55.901,11.965,2.2868,3.8614,1.2353,229,Cwa
16.678,27.996,18.255,20.251,1.3438,55.919,11.984,2.2848,3.8633,1.2361,236,Cwa
16.678,27.996,18.255,20.251,1.3438,55.936,12.003,2.2829,3.8651,1.2369,240,Cwa
16.417,27.721,17.891,19.9,1.405,55.954,12.022,2.2809,3.8669,1.2376,243,Cwa
17.148,26.491,19.461,20.048,3.7463,63.409,12.806,2.5832,5.0604,1.3588,51,Cwa
16.928,26.575,19.131,19.934,3.2888,63.464,12.81,2.5853,5.067,1.36,59,Cwa
16.52,26.192,18.788,19.314,2.8275,63.518,12.814,2.5875,5.0737,1.3612,43,Cwa
16.331,25.988,18.526,19.179,2.505,63.559,12.815,2.5903,5.082,1.3615,97,Cwa
17.29,26.865,19.518,20.304,3.7562,63.446,12.823,2.5827,5.0572,1.3618,39,Cwa
16.022,25.772,18.098,18.747,2.3887,63.6,12.816,2.5931,5.0903,1.3618,142,Cwa
17.142,26.964,19.36,20.038,3.5713,63.501,12.828,2.5848,5.0637,1.363,52,Cwa
16.815,26.595,19.046,19.576,3.2475,63.555,12.832,2.587,5.0703,1.3641,50,Cwa
16.52,26.192,18.788,19.314,2.8275,63.596,12.833,2.5898,5.0786,1.3644,74,Cwa
17.468,27.006,19.794,20.293,4.0587,63.484,12.841,2.5823,5.0539,1.3647,50,Cwa
16.073,25.931,18.074,18.761,2.5312,63.636,12.834,2.5926,5.0868,1.3647,117,Cwa
17.689,27.491,19.942,20.573,3.9538,63.539,12.846,2.5844,5.0603,1.3659,35,Cwa
17.579,27.84,19.686,20.253,3.475,63.592,12.85,2.5865,5.0669,1.3671,53,Cwa
16.815,26.595,19.046,19.576,3.2475,63.633,12.851,2.5893,5.0751,1.3673,55,Cwa
17.286,26.855,19.404,20.109,3.7588,63.521,12.859,2.5818,5.0506,1.3676,90,Cwa
16.274,26.438,18.312,18.787,2.57,63.673,12.852,2.5921,5.0833,1.3676,140,Cwa
18.185,28.212,20.292,21.339,4.0125,63.576,12.864,2.5839,5.0569,1.3688,40,Cwa
17.962,28.364,19.94,20.767,3.7525,63.63,12.868,2.5861,5.0635,1.37,35,Cwa
17.579,27.84,19.686,20.253,3.475,63.669,12.869,2.5889,5.0716,1.3702,52,Cwa
16.274,26.438,18.312,18.787,2.57,63.709,12.869,2.5916,5.0798,1.3704,73,Cwa
16.939,26.338,19.047,19.794,3.51,63.558,12.877,2.5814,5.0473,1.3705,123,Cwa
18.185,28.212,20.292,21.339,4.0125,63.613,12.881,2.5835,5.0536,1.3718,60,Cwa
17.962,28.364,19.94,20.767,3.7525,63.667,12.886,2.5857,5.06,1.373,40,Cwa
17.579,27.84,19.686,20.253,3.475,63.706,12.886,2.5884,5.0682,1.3731,76,Cwa
16.609,26.666,18.713,19.018,2.7613,63.745,12.887,2.5912,5.0763,1.3733,92,Cwa
16.871,27.607,19.688,17.874,3.8813,66.895,12.582,3.0055,6.3163,1.3956,158,Cfa
17.519,28.399,20.447,18.561,4.3775,66.864,12.571,3.0096,6.3095,1.3973,53,Cfa
15.31,25.648,18.121,16.275,2.8387,66.951,12.592,3.0099,6.3351,1.3976,166,Cfa
15.964,26.766,18.668,17.121,2.9662,66.928,12.585,3.0117,6.3324,1.3983,100,Cfa
15.778,25.432,19.106,16.033,4.33,66.829,12.561,3.0114,6.2789,1.3988,23,Cfa
17.002,27.956,19.618,18.075,3.655,66.922,12.581,3.0142,6.3283,1.3993,65,Cfa
15.64,25.544,18.553,16.46,3.6025,67.007,12.601,3.0143,6.3539,1.3996,160,Cfa
15.234,25.396,18.126,16.173,3.1275,66.985,12.595,3.0162,6.3512,1.4002,125,Cfa
17.002,27.956,19.618,18.075,3.655,66.937,12.583,3.0176,6.3227,1.4009,40,Cfa
15.475,25.914,18.138,16.494,2.8663,66.979,12.592,3.0187,6.3472,1.4013,122,Cfa
15.234,25.396,18.126,16.173,3.1275,67.062,12.611,3.0188,6.3728,1.4016,266,Cfa
15.475,25.914,18.138,16.494,2.8663,67.041,12.604,3.0207,6.3701,1.4022,273,Cfa
15.475,25.914,18.138,16.494,2.8663,66.997,12.593,3.0222,6.3416,1.4028,80,Cfa
16.713,27.456,19.271,17.886,3.7138,67.037,12.602,3.0233,6.3661,1.4032,202,Cfa
16.713,27.456,19.271,17.886,3.7138,67.014,12.595,3.0256,6.336,1.4045,78,Cfa
16.713,27.456,19.271,17.886,3.7138,67.056,12.604,3.0268,6.3606,1.4048,117,Cfa
17.573,27.931,20.132,18.925,4.6713,67.076,12.607,3.0304,6.355,1.4064,138,Cfa
