CDOM,Chl,MLD,SSS,SST,Band1,Band2,Band3,Band4,Band1/2,Band1/3,Band1/4,Band2/3,Band2/4,Band3/4,fCO2_SEA
0.236344606,4.920763016,101.9237296,34.1916979,10.28545276,0.000313065,0.000127766,0.00116477,0.00171854,2.450292715,0.268778123,0.182168988,0.109692251,0.074345807,0.677767173,327.60 
0.068497203,0.586011469,2.66434015,34.26335671,11.82833332,0.004995433,0.00451746,0.004396144,0.002608432,1.105805567,1.136321483,1.91510978,1.027596096,1.731868457,1.685359125,313.30 
0.044645127,0.367464721,18.71510564,34.51238015,15.22323849,0.002350477,0.002520064,0.00316931,0.001513042,0.932704978,0.741636731,1.553477031,0.795146106,1.665560996,2.094660318,304.10 
0.071071178,0.611555517,3.582125403,34.26964309,11.87137046,0.005068202,0.004718459,0.004859942,0.002941075,1.074122359,1.042852269,1.723248273,0.970887777,1.604331442,1.652437574,313.34 
0.226476818,4.163441658,47.78125767,33.67424566,16.18234137,0.002680911,0.001068967,0.003068343,0.004240328,2.507944964,0.873732332,0.63224138,0.348385768,0.252095396,0.723609916,381.80 
0.082072839,0.729978681,0.780574313,32.81993159,27.19858401,0.006186561,0.005763164,0.005008372,0.003287952,1.073465973,1.23524385,1.881584909,1.150706106,1.752812809,1.523249768,362.22 
0.178531319,2.160791874,20.86609223,34.24568572,11.4163563,0.003501276,0.003179468,0.004306001,0.004556091,1.101214737,0.813115553,0.768482556,0.738380559,0.697849865,0.945108666,296.90 
0.118809253,1.0262568,30.04027851,34.22689423,15.37517238,0.002405899,0.00245499,0.002918104,0.002235177,0.980003511,0.824473317,1.076379488,0.841296289,1.098342481,1.305535868,322.27 
0.189300165,2.423090935,50.27508934,34.13910545,15.54304816,0.002525244,0.002583464,0.003509128,0.003894887,0.977464362,0.719621325,0.648348352,0.736212339,0.663296154,0.90095767,399.03 
0.141154662,1.38081789,28.01100014,32.6066441,23.12603032,0.00441655,0.003264096,0.003809825,0.003327431,1.353069857,1.159252859,1.327315321,0.856757582,0.980965848,1.144974809,331.4765022
0.189924195,2.466427326,41.54073486,34.18597435,15.54557178,0.002976591,0.002753353,0.003806349,0.004255977,1.081078613,0.782006814,0.699390709,0.723357954,0.646937883,0.894353728,395.74 
0.143147171,1.420188785,25.58356935,32.73377546,23.22985506,0.004519979,0.003386413,0.003706456,0.003277107,1.334739635,1.219488205,1.379258941,0.9136525,1.033354299,1.131014581,330.3698902
0.163546979,1.72661674,21.57747283,34.47055298,15.07676282,0.00350796,0.002427579,0.003324108,0.003197979,1.445044557,1.055308642,1.096930488,0.73029488,0.759098038,1.039440448,320.18 
0.077923387,0.64727515,48.9703654,34.24429691,15.43653177,0.003543508,0.003488883,0.003648296,0.002266406,1.015656901,0.97127749,1.563492262,0.956304721,1.539390181,1.609727681,321.20 
0.223710686,4.477383614,5.310348059,32.84676874,21.48798395,0.00186761,0.002813596,0.003429514,0.004876938,0.663780526,0.544569966,0.382947327,0.820406663,0.576918593,0.703210516,383.4672817
0.11867474,1.051895857,40.77406073,34.11430875,9.382467031,0.003295292,0.002995019,0.003380593,0.002618148,1.100257651,0.97476758,1.258635013,0.885944832,1.143945704,1.291215505,318.02 
0.118555933,1.130820632,31.92154179,33.28530522,18.00643967,0.005747729,0.005225378,0.005156165,0.004124017,1.099964318,1.114729443,1.393721253,1.013423276,1.267060422,1.2502776,376.6416295
0.141306385,1.382143021,28.10309905,32.57570668,23.14135318,0.004754778,0.003244791,0.003846747,0.003361086,1.46535723,1.236051576,1.414654972,0.843515527,0.965399387,1.1444951,328.7423095
0.23570618,6.05316925,122.406721,34.17889807,10.31188561,0.000277444,0.000125569,0.001059533,0.00169297,2.209503694,0.261855066,0.163880071,0.11851307,0.074170535,0.625842659,332.07 
0.141020417,1.370204568,28.09037785,32.58266921,23.14188234,0.004379971,0.003118531,0.00367801,0.003201493,1.404497988,1.190853515,1.36810279,0.847885526,0.974086686,1.148842215,331.3072495
0.149254665,1.578904033,32.44356364,34.25346008,10.8248279,0.004103396,0.004366624,0.004452638,0.004122023,0.939718173,0.921565197,0.99548101,0.980682531,1.059339958,1.080206819,326.60 
0.091133498,0.7698735,2.54493577,33.43339936,25.72184263,0.004136572,0.003504042,0.004561455,0.003068266,1.180514566,0.906853562,1.348179021,0.768184983,1.142026588,1.486655705,377.23 
0.093047626,0.763438284,36.84494983,34.21424853,15.34581426,0.002718107,0.002725245,0.003221382,0.00215858,0.997380827,0.843770646,1.259211033,0.845986431,1.262517785,1.492361743,321.21 
0.121781081,1.192687273,25.30380956,33.293711,18.01293832,0.006380497,0.005867673,0.005628345,0.004609195,1.087398256,1.133636607,1.384297564,1.042522002,1.273036402,1.221112264,378.3755222
0.2090974,3.248135328,44.44147752,33.66753118,16.47090802,0.003708908,0.002403707,0.00491683,0.006153485,1.542995189,0.754329038,0.602732883,0.488873227,0.390625251,0.799031791,386.87 
0.215494588,3.530635595,49.55291682,33.74299165,16.64415581,0.001237176,0.001905917,0.002713687,0.003512152,0.649123778,0.455902294,0.35225594,0.702334915,0.542663745,0.772656653,381.68 
0.083261207,0.733813286,18.87839644,34.53350829,15.30542749,0.004889843,0.005312141,0.006006792,0.003952872,0.920503244,0.81405231,1.237035368,0.88435572,1.343868558,1.519601816,294.29 
0.103307329,0.892795742,5.113863372,32.71418057,26.43118525,0.004156777,0.003442853,0.003672866,0.002642467,1.207363956,1.131752897,1.57306701,0.93737509,1.302893798,1.389938576,381.20 
0.125259638,1.235512614,28.53391464,33.27881648,18.03294716,0.00598972,0.005635476,0.005429116,0.004515839,1.062859711,1.103258899,1.326380269,1.038009897,1.247935411,1.20223845,377.0551291
0.134247094,1.340234637,22.35084714,34.47072394,11.69462758,0.004096166,0.004740281,0.006173615,0.00532202,0.864118943,0.663495588,0.769663813,0.767829004,0.89069198,1.160013461,314.95 
0.124718413,1.183841944,6.276427431,33.12542644,20.21361889,0.004820928,0.004290881,0.003848623,0.003141375,1.123528788,1.252637373,1.534655494,1.114913464,1.365924497,1.225139476,392.6618065
0.074383177,0.598826289,52.5208916,34.22711665,15.40812035,0.002606631,0.002777111,0.003087921,0.00185063,0.938612635,0.844137928,1.408510575,0.899346436,1.500630316,1.668578709,322.67 
0.101674512,0.911866546,2.237695783,34.21381501,11.8845014,0.005679549,0.004710645,0.004525214,0.003286916,1.205683888,1.255089411,1.727926546,1.040977178,1.433150566,1.376735818,275.92 
0.072885655,0.545943856,19.31207456,34.43763888,14.39258464,0.00144572,0.001583257,0.002370701,0.001361224,0.913130454,0.609827959,1.06207336,0.667843194,1.163112408,1.74159506,310.91 
0.217727289,3.705131531,43.48851433,34.18852427,15.60767671,0.002148643,0.001951719,0.00337639,0.004454983,1.100897905,0.636372827,0.48230099,0.578048903,0.438097836,0.75789061,397.79 
0.105366737,0.912380874,2.605106818,33.4262572,25.70999732,0.003994486,0.003361271,0.004272837,0.003104389,1.188385535,0.934855714,1.286721896,0.786660294,1.082747861,1.376385549,376.08 
0.111825816,0.976335347,39.51612479,34.09796322,9.215024066,0.00316047,0.00313251,0.003443306,0.002579168,1.008925654,0.91785919,1.22538322,0.909739172,1.214542633,1.335044889,316.54 
0.181119695,2.14561224,44.86078678,34.16007446,14.8379511,0.002680052,0.002379607,0.003096096,0.003266232,1.126257884,0.865622842,0.820533237,0.768583158,0.728548273,0.947910796,398.16 
0.224283457,4.52041769,5.3128814,32.86035618,21.57656768,0.001768698,0.002724486,0.003478265,0.004964838,0.64918599,0.508500149,0.356244891,0.783288851,0.548756283,0.700579718,391.3385049
0.022876134,0.21937947,18.74133884,34.53248746,15.27510278,0.002727249,0.002721112,0.003470029,0.001304168,1.00225531,0.785944191,2.091179309,0.784175632,2.086473665,2.660722394,300.88 
0.229905605,4.62316227,59.66464769,34.55039225,12.46120035,0.000314398,0.001068865,0.001885652,0.002715332,0.294142198,0.166731861,0.115786339,0.566841013,0.393640693,0.694446386,318.08 
0.091436788,0.811099291,19.06726214,34.53454158,15.33624824,0.004766093,0.005088614,0.006043834,0.004163149,0.936619046,0.788587595,1.144828666,0.84195127,1.222299152,1.45174572,300.06 
0.233040184,5.082021713,75.72119104,34.5433347,12.39498598,0.000454045,0.000880387,0.001754452,0.002621165,0.515733019,0.258795782,0.173222586,0.501801849,0.33587647,0.669340838,318.84 
0.051304307,0.404995263,18.70157631,34.49289621,15.24001875,0.001919713,0.002087832,0.002760427,0.001379099,0.919476992,0.695440801,1.392006038,0.756343886,1.513910679,2.001616867,299.81 
0.191532731,2.510834694,43.78074573,34.19104263,15.52817182,0.002612954,0.002663623,0.003347824,0.003771067,0.980977298,0.78049308,0.692895037,0.795628076,0.706331368,0.887765766,396.19 
0.149434134,1.541406393,25.69581959,32.90835206,19.98987897,0.00485953,0.003605406,0.004059499,0.003719228,1.347845606,1.197076342,1.306596491,0.888140553,0.969396261,1.091489695,353.0867743
0.183460981,2.227931261,31.7567339,34.1335947,14.96536727,0.002648689,0.002497285,0.003027981,0.003245205,1.060627422,0.874737699,0.816185393,0.824736076,0.769530728,0.933063013,398.24 
0.06015617,0.485462129,48.86324574,34.21503193,15.38989039,0.002570179,0.002764927,0.003273863,0.001779931,0.929564892,0.785060081,1.443976592,0.844545753,1.553389769,1.839319852,321.86 
0.085816257,0.727905631,3.378993285,33.39984011,22.98305153,0.003852547,0.003848666,0.00356281,0.002335911,1.001008415,1.081322473,1.649269785,1.080233149,1.647608311,1.525233986,381.93 
0.062258068,0.535008371,1.754516356,34.25037057,11.92704123,0.00504971,0.004599021,0.004425894,0.002517528,1.097996805,1.140946927,2.005820562,1.039116801,1.826799999,1.758031434,315.73 
0.1846717,2.309417009,20.99436675,34.24661471,11.39335216,0.003647044,0.002872499,0.004048764,0.004404851,1.26964141,0.900779548,0.827960763,0.709475558,0.652121738,0.919160259,297.34 
0.183089495,2.278042555,20.67339009,34.24429283,11.4508811,0.003575771,0.003027793,0.004194278,0.004537179,1.180982512,0.852535443,0.78810441,0.721886594,0.667329449,0.924424217,296.66 
0.101127908,0.90664643,2.085218265,34.21693416,11.91405871,0.005675723,0.004744239,0.004575618,0.003314926,1.196340071,1.240427703,1.7121719,1.036852091,1.431174916,1.380307692,275.75 
0.222393706,3.241042376,31.92282594,34.33691633,15.52594933,0.0008268,0.000393466,0.001398806,0.00174908,2.101323469,0.591075529,0.472705546,0.281287264,0.224956107,0.799737974,328.83 
0.186725393,2.381481409,21.31638443,34.24542248,11.20351232,0.003533734,0.002933542,0.004258887,0.004693152,1.204596416,0.829731934,0.752955409,0.688804917,0.625068612,0.907468278,296.75 
0.165700018,1.77478826,24.1622424,34.43460971,15.31813235,0.003353521,0.002452678,0.003184004,0.003099473,1.367289617,1.053240349,1.081964827,0.770312548,0.791320883,1.027272481,327.70 
0.099057183,0.838175237,55.40123831,34.21632429,15.42082584,0.003180471,0.00315457,0.003734068,0.002610781,1.008210558,0.85174414,1.218206782,0.844807797,1.208286079,1.430249678,329.55 
0.098871894,0.880185366,1.987092919,34.21848726,11.953762,0.005681988,0.004673389,0.004564123,0.003262636,1.215817596,1.244924388,1.741533007,1.023940098,1.432396614,1.398906651,274.18 
0.088338725,0.795919478,0.938375224,32.82057003,26.90253108,0.007569249,0.00596876,0.005279296,0.003605386,1.26814422,1.433760993,2.099428125,1.130597744,1.655512119,1.464280403,360.28 
0.116851933,1.151965499,27.73667777,34.47230467,11.45031932,0.006019962,0.006985459,0.008768882,0.007071442,0.861784737,0.686514174,0.851306025,0.796619091,0.987840686,1.240041441,326.76 
0.119462349,1.154903769,25.31642293,33.29489938,18.01537857,0.006148454,0.005651658,0.005536798,0.004470056,1.087902678,1.110470957,1.375475669,1.020744759,1.264337056,1.238641732,376.8145069
0.23570618,6.05316925,121.6901165,34.18003901,10.30989765,0.000277444,0.000125569,0.001059533,0.00169297,2.209503694,0.261855066,0.163880071,0.11851307,0.074170535,0.625842659,331.68 
0.09547054,0.815419614,39.09579749,34.10487821,8.964260554,0.003890947,0.003588486,0.003435841,0.00237242,1.084286574,1.132458506,1.640075348,1.044427307,1.512584762,1.448243215,320.41 
0.222160995,4.129835129,42.55109607,34.19219931,15.55296697,0.002242691,0.002106687,0.003236586,0.004458542,1.064558273,0.692918676,0.503009981,0.650897836,0.472505821,0.725929316,398.41 
0.227487221,4.80986166,57.93210739,34.21108338,15.41635636,0.001395147,0.002302391,0.002373095,0.003470435,0.605955488,0.587901613,0.402009191,0.970205939,0.663430234,0.683803517,327.62 
0.095284969,0.832870245,21.12414516,32.83163342,23.41169168,0.005704073,0.0042998,0.004107913,0.002863899,1.326590137,1.388557344,1.991715685,1.046711645,1.501379838,1.434377696,316.7221755
0.07873144,0.651881635,54.0665814,34.23588114,15.41680591,0.00327616,0.003385358,0.00338955,0.002112556,0.967744292,0.966547209,1.550804234,0.998763018,1.602493807,1.604478518,321.79 
0.113717891,0.985536158,2.329560125,33.42057159,25.68855322,0.003304707,0.002838769,0.003593807,0.002703258,1.164134136,0.919556188,1.222490727,0.789905699,1.050128751,1.329435593,378.48 
0.119234718,1.162135363,45.49488054,34.46635896,11.40503007,0.005401657,0.006043195,0.007556038,0.006117162,0.89384121,0.714879497,0.883033129,0.799783551,0.987908276,1.235219548,326.78 
0.235264823,5.702552319,63.19228761,34.56512806,12.63617151,0.000470504,0.000788528,0.001596655,0.002493687,0.596686643,0.294681083,0.188678013,0.493862376,0.316209546,0.640278672,315.46 
0.110951252,1.016439557,5.965037577,32.86293558,21.39251198,0.0048271,0.004602381,0.004058472,0.003095319,1.048826852,1.189388495,1.559483706,1.134017968,1.486883849,1.311164277,371.2638355
0.156125709,1.50038898,139.4466948,34.13111295,10.89652222,0.001892668,0.001660394,0.002342393,0.002121119,1.139891099,0.808006101,0.892296802,0.708844996,0.782791271,1.104319386,334.12 
0.094871111,0.79623878,55.9732632,34.21647761,15.40834862,0.003025928,0.003163479,0.003707298,0.002532285,0.956519291,0.816208521,1.194939887,0.853311092,1.249258533,1.464013002,329.32 
0.234383538,5.531573772,43.61265908,34.55744982,12.52741515,0.000673487,0.000961175,0.001786318,0.002757501,0.700690898,0.377025248,0.244238109,0.538076418,0.34856755,0.647803059,317.80 
0.098941475,0.88295275,2.388288481,34.21028164,11.85894498,0.005617519,0.004755904,0.004588829,0.003284957,1.181167421,1.224172771,1.710073809,1.03640919,1.447782743,1.396921946,276.91 
0.066714786,0.596595049,2.883435139,32.63693691,26.64200511,0.008042585,0.006382221,0.006124598,0.003664217,1.260154614,1.313161411,2.194898579,1.042063724,1.741769267,1.671461376,362.57 
0.095679782,0.86242342,5.941956353,33.02542466,20.72544053,0.005960817,0.005412748,0.004929152,0.003491209,1.101255383,1.209298806,1.707379089,1.098109326,1.550393411,1.411875279,384.56012
0.236079201,4.975919247,104.5474222,34.18904532,10.25839357,0.000531256,0.000188354,0.001187702,0.001759977,2.820519152,0.447297036,0.30185372,0.158586775,0.107020624,0.674839527,330.74 
0.1846717,2.309417009,20.99436675,34.24661471,11.39335216,0.003647044,0.002872499,0.004048764,0.004404851,1.26964141,0.900779548,0.827960763,0.709475558,0.652121738,0.919160259,297.14 
0.218278378,2.948500395,34.60439332,34.33026411,15.57012102,0.001083653,0.000378945,0.001454865,0.001750638,2.859654289,0.744847782,0.619004385,0.260467772,0.216461265,0.831048169,326.08 
0.108036399,0.913002729,29.52076261,34.22844984,15.37802265,0.002544953,0.002646493,0.003045325,0.002213233,0.961631897,0.835691565,1.149880252,0.869034782,1.195759267,1.375962495,322.17 
0.213631034,3.470190048,36.36393361,34.09543643,15.02359337,0.002247066,0.002160285,0.002927475,0.003762682,1.040171246,0.767578308,0.597197987,0.737934557,0.574134297,0.778028745,397.73 
0.086935386,0.768299758,18.97984975,34.5340791,15.32701208,0.004852731,0.00522611,0.006157695,0.004138112,0.928555193,0.788075954,1.17269208,0.848712021,1.262921244,1.488044487,295.65 
0.06648463,0.568109334,1.709728959,34.24584016,11.95223184,0.005110493,0.00446557,0.004408746,0.002578594,1.144421255,1.159171664,1.981891428,1.012888968,1.731784882,1.709747994,317.58 
0.21608229,2.840381384,103.5962852,34.13797153,10.77586142,0.000631473,0.000395771,0.001595292,0.001890542,1.595550861,0.395835188,0.334016775,0.248086851,0.209342606,0.843827898,336.16 
0.111664981,0.995418429,46.9007226,34.12987045,9.468670775,0.00415846,0.003682281,0.003939822,0.002976823,1.129316365,1.055494318,1.396945631,0.934631208,1.236983431,1.323498959,320.80 
0.180737138,2.214931488,21.16643573,34.24596108,11.27321826,0.00368694,0.003091279,0.00443156,0.004737851,1.192690997,0.831973514,0.778188283,0.697559985,0.652464289,0.935352232,296.88 
0.10264916,0.913896978,21.08143403,32.84402751,23.42741402,0.005952131,0.004375986,0.00414202,0.003011601,1.360180451,1.437011688,1.976401048,1.056486062,1.453043269,1.375354888,329.2750455
0.141792417,1.431050777,5.941266241,32.81639445,21.57985925,0.003888685,0.004024457,0.003658664,0.003245607,0.96626329,1.062870243,1.198137818,1.099979948,1.239970338,1.127266311,375.0570426
0.126510918,1.170397639,35.8920442,34.07428259,8.835608113,0.003313493,0.003368717,0.003228854,0.002622208,0.983606629,1.026213199,1.263626814,1.043316676,1.284687167,1.231349212,319.94 
0.10642577,0.916377962,20.27609235,34.43531176,14.30291904,0.002643707,0.003153655,0.003653394,0.002659579,0.83829922,0.723630265,0.994031939,0.86321238,1.185772234,1.373673804,311.85 
0.053882215,0.4657709,3.197827089,33.57762625,21.49764386,0.004578165,0.00445505,0.004351785,0.002320759,1.027635096,1.052019991,1.97270171,1.023729138,1.919651944,1.875156106,401.02 
0.111287743,0.976127923,3.326325057,33.34417876,25.86675057,0.004037818,0.003282763,0.00413258,0.003095166,1.230006075,0.977069513,1.304556157,0.794361534,1.060609523,1.335172308,374.03 
0.095160216,0.859830201,5.707651498,33.02291333,20.7236006,0.005877696,0.005558972,0.004945262,0.003497845,1.05733501,1.188551008,1.68037655,1.124100683,1.589256512,1.413802638,381.3210481
0.144611508,1.463177562,5.397780702,32.81972118,21.42602831,0.003491609,0.003721076,0.00357747,0.003204388,0.938333294,0.975999532,1.089633823,1.04014164,1.161243909,1.116428633,388.4677809
0.164492622,1.794696808,8.936482031,34.2525452,11.33322476,0.003053747,0.002957128,0.003924902,0.003838952,1.032673381,0.778044249,0.795463803,0.753427234,0.77029564,1.022388898,304.98 
0.065416969,0.526646137,49.48086377,34.21480494,15.39028657,0.002605118,0.002787457,0.003211767,0.00181359,0.934585902,0.811116788,1.436442453,0.867888962,1.536982796,1.770944054,321.72 
0.120941594,1.052828193,33.34358824,34.21338037,15.32913406,0.002432597,0.002468961,0.00292511,0.002266289,0.985271836,0.83162592,1.073383567,0.844057335,1.089428854,1.2907048,321.83 
0.223617494,4.43113327,5.356061572,32.82335328,21.36525703,0.001671723,0.002666665,0.003290176,0.004659777,0.626896527,0.508095208,0.35875595,0.810492938,0.572272991,0.706080169,389.46593
0.096162982,0.8183797,10.35323798,34.26221423,11.46657121,0.003351447,0.003453631,0.003747679,0.002592007,0.970412517,0.894272658,1.292992725,0.921538668,1.332415547,1.445859619,328.64 
0.098648734,0.837636769,58.28673742,34.21641856,15.40673758,0.002964206,0.003262335,0.003776843,0.002639918,0.908614804,0.784837046,1.122840428,0.863773122,1.235771664,1.430666957,327.63 
0.100522161,0.919906914,5.612995268,32.99150794,20.70971408,0.006053358,0.005610531,0.004902961,0.003575425,1.078927759,1.234633149,1.693045839,1.144314936,1.569192956,1.371294656,375.2585847
0.162361369,1.589977264,10.16889864,34.4480431,14.37310163,0.00135202,0.001476764,0.001941905,0.001803148,0.915528953,0.696233805,0.7498108,0.760471641,0.818991904,1.076952592,317.28 
0.083684787,0.696952701,50.50430611,34.21086259,15.41168017,0.003074493,0.003408958,0.003915547,0.002516554,0.901886587,0.785201484,1.221707772,0.870621091,1.354613529,1.555916279,334.78 
0.0862258,0.722919106,10.35196926,34.24584665,11.41816301,0.003563395,0.003501329,0.003852197,0.002517707,1.017726317,0.925029051,1.415333453,0.908917295,1.390681787,1.530042166,328.10 
0.200701967,2.822785139,52.31036182,34.15309255,15.52582895,0.002592057,0.002349205,0.003211181,0.003795825,1.103376513,0.807197461,0.68287061,0.731570277,0.61889174,0.845977153,401.03 
0.128791332,1.216738701,38.49459533,34.13312741,9.261595121,0.003759208,0.003696456,0.003720107,0.003073484,1.016976273,1.010510686,1.223109831,0.993642342,1.202692593,1.210387824,315.30 
0.084046714,0.694175303,3.622402535,33.33909256,24.07559315,0.003610088,0.003184913,0.003262939,0.002093277,1.13349676,1.106391689,1.72461053,0.976087209,1.521495774,1.558770323,382.24 
0.142178014,1.43825531,6.01733522,32.82301625,21.57229593,0.003732261,0.004040365,0.003660413,0.003254267,0.923743387,1.019628401,1.146881957,1.103800487,1.241559044,1.124803856,373.37648
0.115258366,1.076193094,4.826406575,32.46570174,24.23083743,0.005735424,0.004820456,0.00438487,0.003430701,1.189809339,1.308003123,1.671793754,1.099338423,1.405093823,1.27812673,335.64 
0.234181777,4.799860001,101.6357951,34.1918037,10.28900014,0.000385276,0.000409836,0.001198955,0.001751941,0.940072515,0.321343185,0.219913775,0.341828082,0.233932779,0.684357988,326.57 
0.211326212,2.606289864,44.6824175,34.32667686,15.59463213,0.001037964,0.000400207,0.001615248,0.001847725,2.593565159,0.642603334,0.561752072,0.24776834,0.216594547,0.874181695,327.80 
0.095347241,0.852668941,3.318353677,32.55761851,24.71488502,0.006205032,0.005120449,0.005117522,0.003605993,1.211813918,1.212507058,1.720755323,1.000571985,1.419983132,1.419171387,323.54 
0.101107009,0.926235259,5.51836506,32.95742985,20.69793038,0.006078269,0.005597441,0.004932913,0.003608403,1.085901458,1.232186724,1.684476395,1.134713205,1.551223992,1.367062607,377.402585
0.025814258,0.253080994,4.155496195,32.52912668,26.08366046,0.005844257,0.004123156,0.003799847,0.001525084,1.417423182,1.538024308,3.832087262,1.08508477,2.703559043,2.491564822,372.99 
0.206052363,3.09839654,31.24220157,34.13092883,14.94247128,0.002620889,0.002477233,0.003355928,0.00412048,1.057990722,0.780972985,0.636064058,0.738166195,0.601200034,0.814450782,397.80 
0.086621605,0.765959144,18.90374702,34.53365359,15.31082348,0.00477254,0.005267318,0.0059741,0.004009146,0.906066315,0.798871691,1.190412977,0.881692297,1.313825443,1.490117864,296.74 
0.054004993,0.420570731,18.63722234,34.493523,15.23636113,0.001872815,0.001954876,0.002712942,0.001379478,0.958022382,0.690326259,1.357626345,0.72057425,1.41711339,1.966644506,301.33 
0.184154034,2.320301056,21.19720961,34.24573955,11.1572979,0.003857523,0.003118832,0.004320755,0.004709992,1.236848726,0.892789073,0.819008375,0.721825599,0.66217344,0.917359318,297.43 
0.070249744,0.58790797,42.62501569,34.08638438,8.722808983,0.004145245,0.003798447,0.004144005,0.002462506,1.091300072,1.000299129,1.683344426,0.916612355,1.542512888,1.68284104,316.80 
0.122670159,1.142325401,20.52843824,32.8576377,23.44722707,0.004984816,0.003925787,0.003814553,0.003064705,1.269762174,1.306788794,1.62652401,1.02916028,1.280967447,1.244672451,333.3610796
0.190320298,2.478072882,43.21534045,34.19125088,15.50592772,0.002585959,0.002737564,0.003307195,0.003705089,0.944620598,0.781919076,0.697947922,0.827759926,0.738865872,0.892608895,395.92 
0.106281556,0.928233802,5.104306033,34.19696359,11.57404017,0.00426072,0.003525458,0.00296641,0.002172024,1.208557942,1.436322154,1.961635679,1.188459489,1.623120921,1.365735169,289.66 
0.161783293,1.767355323,8.560640509,34.25014401,11.34937031,0.002956614,0.003355056,0.003983497,0.003870791,0.881241545,0.742215846,0.763827,0.842238828,0.866762358,1.029117074,309.12 
0.121833049,1.107275605,10.9472834,34.48191158,11.94893672,0.003104064,0.003341233,0.003977212,0.003151455,0.929017461,0.780462248,0.984962242,0.840094272,1.060219299,1.262024197,309.67 
0.175848678,1.689315438,69.14109598,34.13803775,10.78611563,0.000750558,0.000691383,0.002193351,0.002090454,1.085588963,0.342196979,0.359040659,0.315217814,0.33073352,1.049222175,337.19 
0.102375038,0.866310477,39.08318631,34.07799291,9.041805952,0.003481142,0.002980053,0.003515268,0.002494863,1.168147615,0.990291935,1.395323944,0.847745543,1.194475703,1.409002633,316.71 
0.14304024,1.421708107,25.32471629,32.86687134,23.14775733,0.003385928,0.003444756,0.003297131,0.002916556,0.982922471,1.026931651,1.160933601,1.044773806,1.181103937,1.1304877,322.5268517
0.092365548,0.759775043,37.48921321,34.21395741,15.34538337,0.002736438,0.002805439,0.003251032,0.002173669,0.975404645,0.841713482,1.258902629,0.862937742,1.290646539,1.495642705,321.26 
0.115936376,1.071956873,6.111854401,33.12802722,20.18828096,0.004719233,0.004404726,0.004125778,0.003222317,1.07140221,1.143840886,1.464546637,1.067611094,1.366943827,1.280376192,392.1778131
0.109416619,0.960012734,5.202533719,32.64504106,26.36878748,0.003950583,0.003424913,0.003691046,0.002743871,1.153484006,1.070315374,1.439784605,0.927897889,1.248205087,1.345196602,376.33 
0.223645672,3.8968575,71.63796021,34.53687112,12.34295584,0.000713245,0.001123502,0.002031707,0.002735129,0.634841366,0.351057269,0.260772101,0.552984238,0.410767342,0.742819259,320.22 
0.098660648,0.897226334,5.59406724,32.98469447,20.70735923,0.005993802,0.005522002,0.004868962,0.003510849,1.085439961,1.231022504,1.707222809,1.134123073,1.572839466,1.386833143,375.2412253
0.180274129,1.934868217,128.3757374,34.136329,10.91576795,0.001716057,0.00122866,0.002063995,0.002084444,1.396689574,0.83142479,0.823268436,0.595282449,0.589442674,0.990189908,326.23 
0.124283969,0.990264535,11.06134685,34.44392232,14.52706238,0.00111248,0.001157304,0.002094817,0.001579106,0.961268036,0.53106299,0.704499618,0.552460885,0.732885721,1.32658391,302.24 
0.183634073,2.307636738,21.05358807,34.2467349,11.35881749,0.003824186,0.003151491,0.004394016,0.00477893,1.213453034,0.870316725,0.800218004,0.717223247,0.659455275,0.919456079,296.91 
0.114155188,1.100751758,29.1968211,33.32984303,17.97534005,0.007051423,0.00630714,0.00596061,0.004710655,1.118006376,1.183003494,1.496909269,1.058136625,1.338909421,1.265346448,378.5574624
0.194342598,2.673614264,21.05863597,34.24648711,11.33581389,0.003507042,0.00312013,0.004068646,0.004703401,1.124005147,0.861967874,0.745639611,0.76687182,0.663377399,0.86504339,296.81 
0.06768211,0.564971745,3.516265891,33.36593974,23.58696435,0.004005362,0.003722447,0.00354763,0.002069625,1.076002249,1.12902459,1.935308148,1.049277165,1.79860976,1.714141716,384.32 
0.147458643,1.511692405,25.82478471,32.90262061,19.98542191,0.00495013,0.003703984,0.004381879,0.003980881,1.336434152,1.12968206,1.243476073,0.845295714,0.930443203,1.100731008,353.8363367
0.068086609,0.580985844,1.637465103,34.23575203,11.98948828,0.005208802,0.004425432,0.004378797,0.002587802,1.17701558,1.189550902,2.012828981,1.01065009,1.710112436,1.692091509,322.77 
0.105430976,0.914412856,5.247093786,32.64327668,26.33239449,0.003989538,0.003398813,0.003715462,0.002702145,1.173803134,1.073766171,1.476433667,0.914775349,1.257820519,1.375004825,376.37 
0.236079201,4.975919247,107.9228469,34.18662698,10.2596086,0.000531256,0.000188354,0.001187702,0.001759977,2.820519152,0.447297036,0.30185372,0.158586775,0.107020624,0.674839527,329.99 
0.136775762,1.308559895,16.7271456,34.17417531,10.58764763,0.003379109,0.003191679,0.003719576,0.003173047,1.058724524,0.908466042,1.064941168,0.85807594,1.005871823,1.172241029,324.85 
0.21466358,3.479473829,34.9142369,34.09656919,15.08305508,0.001965957,0.001925188,0.002713855,0.003491861,1.021176263,0.72441478,0.563011242,0.709392498,0.551336006,0.777194581,395.45 
0.121449463,1.180219173,25.28472553,33.29129589,18.00814601,0.006078312,0.005583357,0.00531259,0.004330437,1.088648216,1.144133424,1.403625425,1.050967069,1.289328734,1.22680222,377.1336182
0.136973053,1.3493433,6.055219553,32.84199305,21.53982475,0.003913794,0.003941482,0.003828544,0.003310233,0.992975058,1.022266892,1.182331748,1.029499064,1.190696321,1.156578342,373.3327254
0.226239532,4.794231892,5.308892571,32.85371605,21.5354407,0.001817028,0.00285172,0.003338698,0.004876355,0.637168952,0.544232412,0.372620058,0.854141448,0.584805735,0.684670831,387.0698994
0.134042382,1.309690118,26.47787729,32.87490371,19.96381207,0.005390044,0.004065126,0.004904738,0.004185655,1.325923038,1.0989464,1.287741975,0.82881613,0.971204164,1.171796891,348.0331831
0.117330305,1.140958428,29.20673665,33.32977359,17.97690204,0.007112581,0.006228904,0.005921394,0.004754865,1.14186726,1.201166679,1.495853587,1.051931973,1.310006548,1.245333902,379.3922005
0.223482996,4.448519707,5.305719666,32.8382558,21.42991751,0.001965085,0.002798209,0.003353505,0.00475677,0.702265095,0.585979402,0.413113262,0.834413395,0.588258288,0.704996218,387.5466403
0.092225246,0.814412177,2.990994845,32.60680558,24.88433251,0.005481579,0.00486239,0.004854049,0.003349798,1.127342497,1.129279659,1.636391085,1.001718344,1.451547413,1.449057434,322.03 
0.188466623,2.369882584,43.49916645,34.19115433,15.51695079,0.002689392,0.002395869,0.003285782,0.003613475,1.122512264,0.818493718,0.744267612,0.729162384,0.6630374,0.909313775,395.63 
0.222164661,4.361846447,5.312342473,32.8500888,21.50854744,0.002189911,0.00303296,0.003603929,0.005072645,0.72203744,0.607645265,0.431709797,0.841570299,0.597905002,0.710463526,385.2684598
0.101324238,0.910416305,2.498141405,34.20787893,11.81011945,0.005669291,0.004808254,0.004580501,0.003324684,1.179074801,1.237700999,1.705211651,1.049722204,1.446228559,1.377725034,277.03 
0.194859669,2.606922865,50.43917708,34.15974389,15.52579089,0.002496301,0.002481917,0.003299897,0.003775219,1.005795538,0.756478486,0.661233383,0.752119548,0.657423261,0.874094102,400.56 
0.078124277,0.674430609,3.273858753,34.26791264,11.8531924,0.004986877,0.004706008,0.004612149,0.002919877,1.059683012,1.081247896,1.70790616,1.020350315,1.611714201,1.579569465,313.50 
0.072619095,0.625011802,3.08756148,34.2672257,11.84199382,0.005053797,0.004710849,0.004752076,0.002904841,1.072799589,1.063492571,1.739784487,0.991324551,1.621723671,1.635915977,313.55 
0.221914649,2.709047079,92.5421312,34.13825336,10.82492698,0.000180809,0.00012292,0.001616479,0.001878815,1.470950697,0.111853335,0.096235455,0.076041525,0.065423984,0.8603718,335.40 
0.171329424,1.896716356,22.39564514,34.4678867,15.25845659,0.003309549,0.002403829,0.00313184,0.003136245,1.376782591,1.056742649,1.05525851,0.76754504,0.766467064,0.998595553,324.72 
0.175480291,1.831917405,131.1040681,34.13573996,10.90949991,0.001898611,0.001286544,0.002152983,0.002124356,1.475744419,0.881851446,0.893734934,0.597563802,0.60561634,1.013475612,327.83 
0.119982615,1.081902623,2.12575576,34.47481226,11.98435539,0.002999412,0.003300838,0.003326177,0.002608529,0.908681956,0.901759388,1.149847901,0.992381748,1.26540193,1.275116086,308.42 
0.08362972,0.701109529,19.49680624,34.23545005,11.75260224,0.004463948,0.003590439,0.004150048,0.002674557,1.243287564,1.075637668,1.669042078,0.865155978,1.34244251,1.551676859,294.95 
0.171655476,1.600503445,72.14465138,34.14000054,10.86996078,0.000674216,0.000680962,0.001813216,0.001688455,0.990093634,0.371834497,0.399309667,0.375554881,0.403304953,1.073890857,338.16 
0.098196782,0.830895782,56.48077134,34.21813459,15.41292525,0.002946838,0.003199488,0.003679706,0.002562604,0.921034213,0.800835296,1.149938826,0.869495709,1.248529979,1.435924255,327.98 
0.233040184,5.082021713,75.72119104,34.5433347,12.39498598,0.000454045,0.000880387,0.001754452,0.002621165,0.515733019,0.258795782,0.173222586,0.501801849,0.33587647,0.669340838,318.46 
0.109816261,0.987319529,38.33340763,34.46782156,11.48328322,0.00321326,0.004089281,0.006207519,0.004673079,0.785776363,0.517640013,0.687611007,0.658762514,0.875072145,1.328357528,319.73 
0.031670943,0.280760378,18.73872976,34.5294777,15.26015305,0.002696117,0.002734012,0.003380939,0.001423777,0.986139569,0.797446351,1.893637609,0.808654653,1.920253145,2.374626967,297.99 
0.229655862,4.525238991,76.12475653,34.54005123,12.37179379,0.000563365,0.000980748,0.001974963,0.002820219,0.57442354,0.285253188,0.199759188,0.496590353,0.347755922,0.700287309,319.26 
0.182158709,2.269786358,21.07426336,34.24666558,11.13984206,0.003929508,0.003220241,0.004456346,0.004813365,1.220252902,0.881777935,0.81637444,0.722619003,0.669020692,0.925827703,294.45 
0.09942048,0.890429735,2.070627207,34.21692984,11.93067513,0.005710393,0.004849511,0.004627714,0.003325447,1.177519237,1.233955427,1.717180267,1.047928041,1.458303367,1.391606398,274.86 
0.135307327,1.274670839,27.29011901,34.40701023,13.87759016,0.002613,0.00297906,0.003417486,0.00288193,0.87712228,0.76459706,0.906683872,0.871710909,1.033702931,1.185832276,295.46 
0.213448569,20.88420677,4.188257007,32.80520455,25.65074096,0.000279165,0.002481056,0.00205223,0.005126384,0.112518455,0.136029837,0.054456425,1.208955781,0.483977719,0.400327065,283.11 
0.158880591,1.591311216,33.57664268,34.35011435,13.45523017,0.000206105,0.00201277,0.004391967,0.004079619,0.102398543,0.04692765,0.050520566,0.458284354,0.493371926,1.076562885,307.77 
0.234383538,5.531573772,43.61265908,34.55744982,12.52741515,0.000673487,0.000961175,0.001786318,0.002757501,0.700690898,0.377025248,0.244238109,0.538076418,0.34856755,0.647803059,317.51 
0.111641847,1.024332285,29.46845989,33.21619133,18.07718889,0.004494852,0.004585956,0.004744021,0.003630723,0.980134166,0.947477195,1.238004763,0.966681122,1.263097243,1.306632781,352.1359666
0.228915989,4.859139919,37.95854413,32.97860919,19.89874624,0.002112004,0.001843567,0.003487529,0.005120466,1.145607348,0.605587368,0.412463182,0.528616868,0.360038876,0.68109608,347.6378255
0.063032143,0.506532252,48.27003278,34.2145585,15.38632031,0.002769833,0.00272252,0.003124169,0.001732473,1.017378576,0.886582494,1.598773888,0.871438141,1.57146408,1.803299634,322.14 
0.085764609,0.74967885,1.532154055,34.21276127,12.08675112,0.00570675,0.004861873,0.004746561,0.003154258,1.173776072,1.202291595,1.809220888,1.024293835,1.541368009,1.504810393,308.20 
0.10569302,0.944949925,6.457441999,33.07744855,20.33384895,0.004976838,0.00426417,0.004093086,0.003021172,1.167129252,1.215913382,1.647320142,1.041798396,1.411429059,1.354800569,389.8465548
0.205394417,2.857079029,48.16709972,33.68477662,16.36508985,0.002674598,0.001524778,0.002926432,0.003476369,1.754089731,0.913945087,0.769365286,0.521036679,0.438612274,0.841806906,383.56 
0.100330167,0.897945881,2.306454677,34.21225745,11.87804812,0.005683478,0.004748357,0.004640187,0.003347098,1.19693581,1.224838217,1.698031355,1.023311531,1.418648637,1.386331135,276.55 
0.168832675,1.846530676,21.577008,34.48006674,15.14726197,0.003370031,0.002475593,0.003276525,0.003243921,1.361302561,1.028538075,1.038875845,0.755554352,0.763148381,1.010050936,321.05 
0.119476728,1.112093449,6.189537122,33.12537754,20.19915113,0.004645864,0.004247928,0.004076254,0.003236176,1.093677784,1.139738572,1.435603124,1.042115501,1.312638096,1.259589839,392.8038432
0.235122114,9.100394249,4.076689682,32.82156457,25.64889893,0.00047202,0.001200272,0.002232556,0.004155109,0.393261012,0.211425866,0.11359996,0.537622238,0.288866571,0.537303985,289.07 
0.119234718,1.162135363,45.49488054,34.46635896,11.40503007,0.005401657,0.006043195,0.007556038,0.006117162,0.89384121,0.714879497,0.883033129,0.799783551,0.987908276,1.235219548,325.01 
0.078535825,0.670381606,20.81710671,34.4337196,14.22633204,0.0046891,0.00429899,0.005169332,0.003263573,1.090744584,0.907099829,1.436799575,0.831633585,1.317264918,1.583948678,309.76 
0.077267379,0.667591155,2.901150298,34.26653446,11.83075592,0.005260647,0.004760977,0.004717442,0.002972572,1.104951135,1.11514812,1.76972919,1.009228449,1.601635705,1.586990246,313.19 
0.12845926,1.197821259,20.87081535,34.42940534,14.14137479,0.002872278,0.00338334,0.003611255,0.00296297,0.848947512,0.795368409,0.969391457,0.936887613,1.141874431,1.218795525,304.14 
0.115062617,1.052309871,6.375589918,33.10826694,20.26280867,0.005057049,0.004139653,0.003955297,0.003063773,1.221611825,1.278551107,1.650595046,1.046609963,1.351161648,1.290988711,388.2014584
0.226202488,2.693781853,96.05355626,34.13805587,10.81910242,8.80E-05,5.75E-05,0.001560281,0.001809287,1.530672214,0.056389192,0.048628523,0.036839495,0.03176939,0.862373114,335.09 
0.110151783,0.999948561,6.452815607,33.08248484,20.32803949,0.005054768,0.004369334,0.00411648,0.003116639,1.156873873,1.227934517,1.621865098,1.061424712,1.401937701,1.320807482,388.8312795
0.109980464,0.976860166,46.0642845,34.12737088,9.363438809,0.003787461,0.003715373,0.00390421,0.002925109,1.019402843,0.970096824,1.294810307,0.951632449,1.270165486,1.334722756,318.42 
0.18394433,2.243617296,44.83041643,34.17971489,15.52551736,0.002855461,0.002507685,0.003330055,0.003579444,1.138684234,0.85748156,0.79773872,0.753045958,0.700579403,0.930327552,396.50 
0.146066815,1.465378523,28.98293291,32.58954744,23.11323942,0.004417956,0.003320372,0.003608464,0.003234262,1.330560575,1.224331466,1.365985967,0.92016214,1.026624411,1.115699469,333.5793458
0.202458546,2.858000278,33.9166747,34.10571511,15.11921612,0.00223058,0.002117151,0.003218815,0.003824202,1.053576373,0.692981803,0.583279928,0.657742353,0.553619029,0.84169588,395.55 
0.069355115,0.600995958,1.149353197,32.70393115,26.82336296,0.006614603,0.004994063,0.004468386,0.002682441,1.324493278,1.480311462,2.465889795,1.11764362,1.861760898,1.665791193,361.55 
0.220063016,3.007169724,39.56481295,34.32901581,15.58511497,0.001094865,0.000335621,0.001510466,0.001832191,3.262209582,0.724852911,0.597571773,0.222196917,0.183180068,0.824404185,325.98 
0.176133722,2.041493893,43.89482406,34.18304055,15.52549833,0.002685179,0.002640822,0.003627932,0.003747969,1.016796675,0.74014042,0.716435786,0.727913887,0.704600835,0.967972788,396.60 
0.228616014,4.390304089,77.27502864,34.53246886,12.24968327,0.000644577,0.001002304,0.002012572,0.002840006,0.643095669,0.320275397,0.226963402,0.498021387,0.352923232,0.708650756,321.23 
0.168739557,1.836862683,21.46847314,34.48749654,15.18327293,0.003167272,0.002403325,0.003266623,0.003226893,1.317871159,0.969586045,0.981523662,0.735721423,0.744779681,1.012312075,321.34 
0.078349061,0.707373619,4.186935127,32.5349322,26.10740855,0.008001567,0.006660259,0.006828222,0.004418532,1.201389686,1.171837546,1.810910548,0.975401703,1.507346508,1.545359725,378.9518983
0.112956531,1.030037045,21.08143403,32.84402751,23.42741402,0.005580452,0.004250122,0.004182808,0.003209175,1.313009974,1.33414016,1.738905399,1.016092937,1.32436572,1.303390341,330.1955971
0.228366062,4.378722668,78.18095971,34.52877832,12.1730756,0.000342284,0.001036844,0.001994391,0.002811432,0.330120762,0.171623066,0.121747072,0.519879648,0.368795563,0.709386421,321.09 
0.073279619,0.644039035,4.077467095,33.60472836,21.91527573,0.005604495,0.005537434,0.005375469,0.003331663,1.012110533,1.042605805,1.682191608,1.030130377,1.662063137,1.613449301,416.14 
0.073498771,0.605500162,53.25304109,34.23755482,15.42003995,0.003282425,0.003336309,0.003546524,0.002136393,0.983849289,0.925532979,1.536433087,0.940726379,1.561654925,1.660052231,321.48 
0.154762089,1.565799594,21.54671109,34.45788501,14.97921832,0.003277012,0.002555311,0.003424387,0.003158728,1.282431845,0.956963024,1.037446648,0.746209655,0.808968252,1.084103169,321.05 
0.156401888,1.687289715,35.55357442,34.19654882,10.24230563,0.003443135,0.003826163,0.003856883,0.003674052,0.899892614,0.892724791,0.937149294,0.992034802,1.04140125,1.049762819,323.65 
0.223645672,3.8968575,71.63796021,34.53687112,12.34295584,0.000713245,0.001123502,0.002031707,0.002735129,0.634841366,0.351057269,0.260772101,0.552984238,0.410767342,0.742819259,320.39 
0.193599075,2.568419695,49.50358472,34.16306955,15.52577186,0.002486128,0.002540509,0.003234752,0.003678028,0.97859432,0.768568301,0.675940298,0.785379892,0.690725752,0.879479803,399.48 
0.070039049,0.586863041,3.486803711,33.37218738,23.48078593,0.004047425,0.003835787,0.003527031,0.002094154,1.055174514,1.147544628,1.932725565,1.08754013,1.831664373,1.684226928,383.58 
0.236344606,4.920763016,103.6828565,34.18936441,10.26904067,0.000313065,0.000127766,0.00116477,0.00171854,2.450292715,0.268778123,0.182168988,0.109692251,0.074345807,0.677767173,329.9201143
0.159643516,1.710654259,10.29478436,34.24889847,11.21661944,0.002963813,0.00319131,0.004100207,0.003928957,0.928713821,0.722844745,0.754351148,0.778328833,0.812253604,1.043586681,316.61 
0.188072428,2.421772003,21.09141359,34.24623056,11.30809459,0.003741154,0.002899644,0.004175,0.004632911,1.29021129,0.896084709,0.807516961,0.694525553,0.625879627,0.901161412,297.03 
0.124022163,1.171587586,6.36044568,33.11286381,20.2502306,0.004907119,0.004217562,0.003848814,0.003127095,1.163496536,1.27496924,1.56922607,1.095808368,1.348715722,1.230795239,388.9202395
0.195447356,2.495691299,29.42662094,32.90199909,19.95194609,0.002633456,0.001722306,0.002845546,0.003197269,1.529029174,0.925466175,0.823657912,0.605263909,0.538680312,0.889992453,344.1782872
0.066974007,0.597783625,2.787622506,32.63794943,26.65006742,0.008027984,0.006290657,0.006016271,0.003602722,1.276175835,1.334378754,2.228310826,1.045607288,1.746084485,1.66992379,364.04 
0.130071566,1.282583117,29.05191476,34.4696956,11.59099449,0.004169321,0.00490328,0.006745689,0.005704068,0.850312634,0.618071916,0.730938156,0.726876082,0.859611073,1.182610206,316.25 
0.095048696,0.858801365,5.499457106,32.95061886,20.69557448,0.006061882,0.005567384,0.005042357,0.003564587,1.088820493,1.20219211,1.70058458,1.104123331,1.561859454,1.41456974,371.1958219
0.079916731,0.661365628,3.545788698,33.35969631,23.69297256,0.00349562,0.003345556,0.003186558,0.001999289,1.044854803,1.0969892,1.74843127,1.049896308,1.673372477,1.593845473,384.40 
